C:\Users\Usuario\Downloads\PROYECTO - SENATI.xlsx, 02/10/2023, 19:21:44, Usuario, Cerrado
C:\Users\Usuario\Downloads\PROYECTO - SENATI.xlsx, 02/10/2023, 19:22:56, Usuario, Abierto
C:\Users\Usuario\Downloads\PROYECTO - SENATI.xlsx, 02/10/2023, 19:23:07, Usuario, Cerrado
C:\Users\Usuario\Desktop\Curso de Excel_Y_VBA\VBA\MACROS.xlsm, 02/10/2023, 20:57:00, Usuario, Cerrado
C:\Program Files\Microsoft Office\root\Office16\Library\SOLVER\SOLVER.XLAM, 02/10/2023, 20:57:07, Usuario, Cerrado
C:\Users\Usuario\AppData\Roaming\Microsoft\Excel\XLSTART\PERSONAL.XLSB, 03/10/2023, 8:02:24, Usuario, Abierto
C:\Users\Usuario\Desktop\Curso de Excel_Y_VBA\VBA\MACROS.xlsm, 03/10/2023, 8:02:25, Usuario, Abierto
C:\Users\Usuario\Downloads\Nueva carpeta (2)\042 - Evento OnKey para ejecutar macros con combinación de teclas.xlsm, 03/10/2023, 8:39:31, Usuario, Abierto
C:\Users\Usuario\Downloads\Nueva carpeta (2)\042 - Evento OnKey para ejecutar macros con combinación de teclas.xlsm, 03/10/2023, 8:40:08, Usuario, Cerrado
C:\Users\Usuario\Downloads\diabetes.csv, 03/10/2023, 9:05:49, Usuario, Abierto
C:\Users\Usuario\Downloads\diabetes.csv, 03/10/2023, 9:05:53, Usuario, Cerrado
C:\Users\Usuario\Downloads\Nueva carpeta (2)\043 - Usar Formulas y funciones desde macros.xlsm, 03/10/2023, 9:45:26, Usuario, Abierto
C:\Users\Usuario\Downloads\Nueva carpeta (2)\043 - Usar Formulas y funciones desde macros.xlsm, 03/10/2023, 9:46:20, Usuario, Cerrado
C:\Users\Usuario\Downloads\MC512 A_B - LISTA DE ALUMNOS.xls, 03/10/2023, 10:21:03, Usuario, Abierto
C:\Users\Usuario\Downloads\MC512 A_B - LISTA DE ALUMNOS.xls, 03/10/2023, 10:23:48, Usuario, Cerrado
C:\Users\Usuario\Downloads\MS213 D - LISTA DE ALUMNOS.xls, 03/10/2023, 10:24:31, Usuario, Abierto
C:\Users\Usuario\Downloads\MS213 D - LISTA DE ALUMNOS.xls, 03/10/2023, 10:25:13, Usuario, Cerrado
C:\Users\Usuario\Downloads\Nueva carpeta (2)\044 - Cuadros de diálogo Abrir archivo GetOpenFilename - EXCELeINFO.xlsm, 03/10/2023, 16:31:06, Usuario, Abierto
C:\Users\Usuario\Downloads\Nueva carpeta (2)\044 - Cuadros de diálogo Abrir archivo GetOpenFilename - EXCELeINFO.xlsm, 03/10/2023, 16:34:32, Usuario, Cerrado
Libro1, 03/10/2023, 17:02:19, Usuario, Cerrado
Libro2, 03/10/2023, 18:17:26, Usuario, Cerrado
Libro2, 03/10/2023, 18:17:53, Usuario, Cerrado
C:\Program Files\Microsoft Office\root\Office16\Library\SOLVER\SOLVER.XLAM, 03/10/2023, 18:18:00, Usuario, Cerrado
C:\Users\Usuario\Desktop\Curso de Excel_Y_VBA\VBA\MACROS.xlsm, 03/10/2023, 18:18:00, Usuario, Cerrado
C:\Users\Usuario\AppData\Roaming\Microsoft\Excel\XLSTART\PERSONAL.XLSB, 04/10/2023, 9:18:26, Usuario, Abierto
C:\Users\Usuario\Desktop\Curso de Excel_Y_VBA\VBA\MACROS.xlsm, 04/10/2023, 9:18:34, Usuario, Abierto
Libro1, 04/10/2023, 9:21:55, Usuario, Cerrado
C:\Users\Usuario\Downloads\Nueva carpeta (2)\CUADRODIALOGOABRIR-GUARDAR.xlsm, 04/10/2023, 11:18:09, Usuario, Cerrado
C:\Users\Usuario\AppData\Roaming\Microsoft\Excel\XLSTART\PERSONAL.XLSB, 04/10/2023, 11:43:42, Usuario, Abierto
C:\Users\Usuario\Desktop\Curso de Excel_Y_VBA\VBA\MACROS.xlsm, 04/10/2023, 11:43:42, Usuario, Abierto
C:\Program Files\Microsoft Office\root\Office16\Library\SOLVER\SOLVER.XLAM, 04/10/2023, 18:27:23, Usuario, Cerrado
C:\Users\Usuario\Desktop\Curso de Excel_Y_VBA\VBA\MACROS.xlsm, 04/10/2023, 18:27:23, Usuario, Cerrado
C:\Users\Usuario\AppData\Roaming\Microsoft\Excel\XLSTART\PERSONAL.XLSB, 05/10/2023, 10:32:16, Usuario, Abierto
C:\Users\Usuario\Desktop\Curso de Excel_Y_VBA\VBA\MACROS.xlsm, 05/10/2023, 10:32:20, Usuario, Abierto
C:\Program Files\Microsoft Office\root\Office16\Library\SOLVER\SOLVER.XLAM, 05/10/2023, 19:14:14, Usuario, Cerrado
C:\Users\Usuario\Desktop\Curso de Excel_Y_VBA\VBA\MACROS.xlsm, 05/10/2023, 19:14:14, Usuario, Cerrado
C:\Users\Usuario\AppData\Roaming\Microsoft\Excel\XLSTART\PERSONAL.XLSB, 06/10/2023, 8:51:35, Usuario, Abierto
C:\Users\Usuario\Desktop\Curso de Excel_Y_VBA\VBA\MACROS.xlsm, 06/10/2023, 8:51:38, Usuario, Abierto
C:\Program Files\Microsoft Office\root\Office16\Library\SOLVER\SOLVER.XLAM, 06/10/2023, 17:31:58, Usuario, Cerrado
C:\Users\Usuario\Desktop\Curso de Excel_Y_VBA\VBA\MACROS.xlsm, 06/10/2023, 17:31:58, Usuario, Cerrado
C:\Users\Usuario\AppData\Roaming\Microsoft\Excel\XLSTART\PERSONAL.XLSB, 08/10/2023, 12:33:37, Usuario, Abierto
C:\Users\Usuario\Desktop\Curso de Excel_Y_VBA\VBA\MACROS.xlsm, 08/10/2023, 12:33:40, Usuario, Abierto
C:\Users\Usuario\AppData\Roaming\Microsoft\Excel\XLSTART\PERSONAL.XLSB, 08/10/2023, 16:39:25, Usuario, Abierto
C:\Users\Usuario\Desktop\Curso de Excel_Y_VBA\VBA\MACROS.xlsm, 08/10/2023, 16:39:30, Usuario, Abierto
C:\Program Files\Microsoft Office\root\Office16\Library\SOLVER\SOLVER.XLAM, 08/10/2023, 17:54:56, Usuario, Cerrado
C:\Users\Usuario\Desktop\Curso de Excel_Y_VBA\VBA\MACROS.xlsm, 08/10/2023, 17:54:56, Usuario, Cerrado
C:\Users\Usuario\AppData\Roaming\Microsoft\Excel\XLSTART\PERSONAL.XLSB, 09/10/2023, 9:39:23, Usuario, Abierto
C:\Users\Usuario\Desktop\Curso de Excel_Y_VBA\VBA\MACROS.xlsm, 09/10/2023, 9:39:26, Usuario, Abierto
C:\Program Files\Microsoft Office\root\Office16\Library\SOLVER\SOLVER.XLAM, 09/10/2023, 17:21:49, Usuario, Cerrado
C:\Users\Usuario\Desktop\Curso de Excel_Y_VBA\VBA\MACROS.xlsm, 09/10/2023, 17:21:49, Usuario, Cerrado
C:\Users\Usuario\AppData\Roaming\Microsoft\Excel\XLSTART\PERSONAL.XLSB, 10/10/2023, 8:42:08, Usuario, Abierto
C:\Users\Usuario\Desktop\Curso de Excel_Y_VBA\VBA\MACROS.xlsm, 10/10/2023, 8:42:12, Usuario, Abierto
C:\Program Files\Microsoft Office\root\Office16\Library\SOLVER\SOLVER.XLAM, 10/10/2023, 17:02:22, Usuario, Cerrado
C:\Users\Usuario\Desktop\Curso de Excel_Y_VBA\VBA\MACROS.xlsm, 10/10/2023, 17:02:22, Usuario, Cerrado
C:\Users\Usuario\AppData\Roaming\Microsoft\Excel\XLSTART\PERSONAL.XLSB, 10/10/2023, 17:02:34, Usuario, Abierto
C:\Users\Usuario\Desktop\Curso de Excel_Y_VBA\VBA\MACROS.xlsm, 10/10/2023, 17:02:37, Usuario, Abierto
C:\Users\Usuario\AppData\Roaming\Microsoft\Excel\XLSTART\PERSONAL.XLSB, 10/10/2023, 20:43:38, Usuario, Abierto
C:\Users\Usuario\Desktop\Curso de Excel_Y_VBA\VBA\MACROS.xlsm, 10/10/2023, 20:43:41, Usuario, Abierto
C:\Users\Usuario\AppData\Roaming\Microsoft\Excel\XLSTART\PERSONAL.XLSB, 11/10/2023, 9:17:33, Usuario, Abierto
C:\Users\Usuario\Desktop\Curso de Excel_Y_VBA\VBA\MACROS.xlsm, 11/10/2023, 9:17:36, Usuario, Abierto
C:\Program Files\Microsoft Office\root\Office16\Library\SOLVER\SOLVER.XLAM, 11/10/2023, 19:02:02, Usuario, Cerrado
C:\Users\Usuario\Desktop\Curso de Excel_Y_VBA\VBA\MACROS.xlsm, 11/10/2023, 19:02:02, Usuario, Cerrado
C:\Users\Usuario\AppData\Roaming\Microsoft\Excel\XLSTART\PERSONAL.XLSB, 11/10/2023, 19:34:33, Usuario, Abierto
C:\Users\Usuario\Desktop\alumnoingresante_dirce.xls, 11/10/2023, 19:34:35, Usuario, Abierto
D:\OneDrives\SenatiOneDrive\OneDrive - SENATI\UNIALUMNO-PROFESORESGMAIL\correos alumnos_1 20231(1).xls, 11/10/2023, 19:37:14, Usuario, Abierto
C:\Users\Usuario\Downloads\Correos(1).xlsx, 11/10/2023, 20:00:20, Usuario, Abierto
C:\Users\Usuario\Downloads\Correos(1).xlsx, 11/10/2023, 20:00:33, Usuario, Cerrado
D:\OneDrives\SenatiOneDrive\OneDrive - SENATI\UNIALUMNO-PROFESORESGMAIL\correos alumnos_1 20231(1).xls, 11/10/2023, 20:03:25, Usuario, Cerrado
C:\Users\Usuario\Documents\Correos.xlsx, 11/10/2023, 20:03:36, Usuario, Cerrado
C:\Users\Usuario\Desktop\alumnoingresante_dirce.xls, 11/10/2023, 20:03:37, Usuario, Cerrado
C:\Program Files\Microsoft Office\root\Office16\Library\SOLVER\SOLVER.XLAM, 11/10/2023, 20:03:39, Usuario, Cerrado
Libro1, 11/10/2023, 20:03:39, Usuario, Cerrado
C:\Users\Usuario\AppData\Roaming\Microsoft\Excel\XLSTART\PERSONAL.XLSB, 11/10/2023, 20:03:43, Usuario, Abierto
C:\Users\Usuario\Downloads\Correos.xlsx, 11/10/2023, 20:03:43, Usuario, Abierto
C:\Users\Usuario\Downloads\REPORTE DE USUARIOS - ALUMNOS.xlsx, 11/10/2023, 20:05:31, Usuario, Abierto
C:\Users\Usuario\Downloads\Correos.xlsx, 11/10/2023, 20:06:47, Usuario, Cerrado
C:\Program Files\Microsoft Office\root\Office16\Library\SOLVER\SOLVER.XLAM, 11/10/2023, 20:08:36, Usuario, Cerrado
C:\Users\Usuario\Downloads\REPORTE DE USUARIOS - ALUMNOS.xlsx, 11/10/2023, 20:08:36, Usuario, Cerrado
C:\Users\Usuario\AppData\Roaming\Microsoft\Excel\XLSTART\PERSONAL.XLSB, 11/10/2023, 20:08:51, Usuario, Abierto
C:\Users\Usuario\Downloads\Correos(2).xlsx, 11/10/2023, 20:08:51, Usuario, Abierto
C:\Program Files\Microsoft Office\root\Office16\Library\SOLVER\SOLVER.XLAM, 11/10/2023, 20:09:07, Usuario, Cerrado
C:\Users\Usuario\Downloads\Correos(2).xlsx, 11/10/2023, 20:09:07, Usuario, Cerrado
C:\Users\Usuario\AppData\Roaming\Microsoft\Excel\XLSTART\PERSONAL.XLSB, 11/10/2023, 20:09:15, Usuario, Abierto
C:\Program Files\Microsoft Office\root\Office16\Library\SOLVER\SOLVER.XLAM, 11/10/2023, 20:09:18, Usuario, Cerrado
C:\Users\Usuario\AppData\Roaming\Microsoft\Excel\XLSTART\PERSONAL.XLSB, 11/10/2023, 20:09:20, Usuario, Abierto
C:\Users\Usuario\Desktop\alumnoingresante_dirce.xls, 11/10/2023, 20:09:22, Usuario, Abierto
C:\Program Files\Microsoft Office\root\Office16\Library\SOLVER\SOLVER.XLAM, 11/10/2023, 20:09:27, Usuario, Cerrado
C:\Users\Usuario\Desktop\alumnoingresante_dirce.xls, 11/10/2023, 20:09:27, Usuario, Cerrado
C:\Users\Usuario\AppData\Roaming\Microsoft\Excel\XLSTART\PERSONAL.XLSB, 12/10/2023, 16:13:17, Usuario, Abierto
C:\Users\Usuario\Desktop\Curso de Excel_Y_VBA\VBA\MACROS.xlsm, 12/10/2023, 16:13:21, Usuario, Abierto
C:\Program Files\Microsoft Office\root\Office16\Library\SOLVER\SOLVER.XLAM, 12/10/2023, 18:21:40, Usuario, Cerrado
C:\Users\Usuario\Desktop\Curso de Excel_Y_VBA\VBA\MACROS.xlsm, 12/10/2023, 18:21:40, Usuario, Cerrado
C:\Users\Usuario\AppData\Roaming\Microsoft\Excel\XLSTART\PERSONAL.XLSB, 13/10/2023, 9:16:55, Usuario, Abierto
C:\Users\Usuario\Desktop\Curso de Excel_Y_VBA\VBA\MACROS.xlsm, 13/10/2023, 9:16:58, Usuario, Abierto
C:\Users\Usuario\Downloads\Nueva carpeta\EXCELeINFO.xlam, 13/10/2023, 10:33:44, Usuario, Abierto
C:\Program Files\Microsoft Office\root\Office16\Library\SOLVER\SOLVER.XLAM, 13/10/2023, 10:35:49, Usuario, Cerrado
C:\Users\Usuario\Desktop\Curso de Excel_Y_VBA\VBA\MACROS.xlsm, 13/10/2023, 10:35:49, Usuario, Cerrado
C:\Users\Usuario\Downloads\Nueva carpeta\EXCELeINFO.xlam, 13/10/2023, 10:35:49, Usuario, Cerrado
C:\Users\Usuario\AppData\Roaming\Microsoft\Excel\XLSTART\PERSONAL.XLSB, 13/10/2023, 10:35:58, Usuario, Abierto
C:\Users\Usuario\Desktop\Curso de Excel_Y_VBA\VBA\MACROS.xlsm, 13/10/2023, 10:36:01, Usuario, Abierto
C:\Program Files\Microsoft Office\root\Office16\Library\SOLVER\SOLVER.XLAM, 13/10/2023, 17:01:10, Usuario, Cerrado
C:\Users\Usuario\Desktop\Curso de Excel_Y_VBA\VBA\MACROS.xlsm, 13/10/2023, 17:01:10, Usuario, Cerrado
C:\Users\Usuario\AppData\Roaming\Microsoft\Excel\XLSTART\PERSONAL.XLSB, 16/10/2023, 8:14:39, Usuario, Abierto
C:\Users\Usuario\Desktop\Curso de Excel_Y_VBA\VBA\MACROS.xlsm, 16/10/2023, 8:14:45, Usuario, Abierto
C:\Program Files\Microsoft Office\root\Office16\Library\SOLVER\SOLVER.XLAM, 16/10/2023, 16:25:37, Usuario, Cerrado
C:\Users\Usuario\Desktop\Curso de Excel_Y_VBA\VBA\MACROS.xlsm, 16/10/2023, 16:25:37, Usuario, Cerrado
C:\Users\Usuario\AppData\Roaming\Microsoft\Excel\XLSTART\PERSONAL.XLSB, 16/10/2023, 16:25:51, Usuario, Abierto
C:\Users\Usuario\Desktop\Curso de Excel_Y_VBA\VBA\MACROS.xlsm, 16/10/2023, 16:28:20, Usuario, Abierto
C:\Program Files\Microsoft Office\root\Office16\Library\SOLVER\SOLVER.XLAM, 16/10/2023, 16:28:31, Usuario, Cerrado
C:\Users\Usuario\Desktop\Curso de Excel_Y_VBA\VBA\MACROS.xlsm, 16/10/2023, 16:28:31, Usuario, Cerrado
C:\Users\Usuario\AppData\Roaming\Microsoft\Excel\XLSTART\PERSONAL.XLSB, 16/10/2023, 16:28:35, Usuario, Abierto
C:\Users\Usuario\Desktop\Curso de Excel_Y_VBA\VBA\MACROS.xlsm, 16/10/2023, 16:29:36, Usuario, Abierto
C:\Program Files\Microsoft Office\root\Office16\Library\SOLVER\SOLVER.XLAM, 16/10/2023, 18:55:45, Usuario, Cerrado
C:\Users\Usuario\Desktop\Curso de Excel_Y_VBA\VBA\MACROS.xlsm, 16/10/2023, 18:55:45, Usuario, Cerrado
C:\Users\Usuario\AppData\Roaming\Microsoft\Excel\XLSTART\PERSONAL.XLSB, 17/10/2023, 8:55:49, Usuario, Abierto
C:\Users\Usuario\Desktop\Curso de Excel_Y_VBA\VBA\MACROS.xlsm, 17/10/2023, 8:55:56, Usuario, Abierto
C:\Program Files\Microsoft Office\root\Office16\Library\SOLVER\SOLVER.XLAM, 17/10/2023, 12:52:15, Usuario, Cerrado
C:\Users\Usuario\Desktop\Curso de Excel_Y_VBA\VBA\MACROS.xlsm, 17/10/2023, 12:52:15, Usuario, Cerrado
C:\Users\Usuario\AppData\Roaming\Microsoft\Excel\XLSTART\PERSONAL.XLSB, 17/10/2023, 16:18:19, Usuario, Abierto
C:\Users\Usuario\Desktop\Curso de Excel_Y_VBA\VBA\MACROS.xlsm, 17/10/2023, 16:18:22, Usuario, Abierto
C:\Program Files\Microsoft Office\root\Office16\Library\SOLVER\SOLVER.XLAM, 17/10/2023, 22:57:14, Usuario, Cerrado
C:\Users\Usuario\Desktop\Curso de Excel_Y_VBA\VBA\MACROS.xlsm, 17/10/2023, 22:57:14, Usuario, Cerrado
C:\Users\Usuario\AppData\Roaming\Microsoft\Excel\XLSTART\PERSONAL.XLSB, 18/10/2023, 8:01:31, Usuario, Abierto
C:\Users\Usuario\Desktop\Curso de Excel_Y_VBA\VBA\MACROS.xlsm, 18/10/2023, 8:01:35, Usuario, Abierto
C:\Program Files\Microsoft Office\root\Office16\Library\SOLVER\SOLVER.XLAM, 18/10/2023, 18:37:29, Usuario, Cerrado
C:\Users\Usuario\Desktop\Curso de Excel_Y_VBA\VBA\MACROS.xlsm, 18/10/2023, 18:37:29, Usuario, Cerrado
C:\Users\Usuario\AppData\Roaming\Microsoft\Excel\XLSTART\PERSONAL.XLSB, 19/10/2023, 11:24:58, Usuario, Abierto
C:\Users\Usuario\Desktop\Curso de Excel_Y_VBA\VBA\MACROS.xlsm, 19/10/2023, 11:25:02, Usuario, Abierto
C:\Program Files\Microsoft Office\root\Office16\Library\SOLVER\SOLVER.XLAM, 19/10/2023, 12:15:48, Usuario, Cerrado
C:\Users\Usuario\Desktop\Curso de Excel_Y_VBA\VBA\MACROS.xlsm, 19/10/2023, 12:15:48, Usuario, Cerrado
C:\Users\Usuario\AppData\Roaming\Microsoft\Excel\XLSTART\PERSONAL.XLSB, 19/10/2023, 12:16:03, Usuario, Abierto
C:\Users\Usuario\Desktop\Curso de Excel_Y_VBA\VBA\MACROS.xlsm, 19/10/2023, 12:16:05, Usuario, Abierto
C:\Program Files\Microsoft Office\root\Office16\Library\SOLVER\SOLVER.XLAM, 19/10/2023, 19:03:13, Usuario, Cerrado
C:\Users\Usuario\Desktop\Curso de Excel_Y_VBA\VBA\MACROS.xlsm, 19/10/2023, 19:03:14, Usuario, Cerrado
C:\Users\Usuario\AppData\Roaming\Microsoft\Excel\XLSTART\PERSONAL.XLSB, 20/10/2023, 9:52:30, Usuario, Abierto
C:\Users\Usuario\Desktop\Curso de Excel_Y_VBA\VBA\MACROS.xlsm, 20/10/2023, 9:52:42, Usuario, Abierto
C:\Program Files\Microsoft Office\root\Office16\Library\SOLVER\SOLVER.XLAM, 20/10/2023, 18:41:59, Usuario, Cerrado
C:\Users\Usuario\Desktop\Curso de Excel_Y_VBA\VBA\MACROS.xlsm, 20/10/2023, 18:41:59, Usuario, Cerrado
C:\Users\Usuario\AppData\Roaming\Microsoft\Excel\XLSTART\PERSONAL.XLSB, 21/10/2023, 9:43:03, Usuario, Abierto
C:\Users\Usuario\Desktop\Curso de Excel_Y_VBA\VBA\MACROS.xlsm, 21/10/2023, 9:43:08, Usuario, Abierto
C:\Program Files\Microsoft Office\root\Office16\Library\SOLVER\SOLVER.XLAM, 21/10/2023, 20:58:52, Usuario, Cerrado
C:\Users\Usuario\Desktop\Curso de Excel_Y_VBA\VBA\MACROS.xlsm, 21/10/2023, 20:58:52, Usuario, Cerrado
C:\Users\Usuario\AppData\Roaming\Microsoft\Excel\XLSTART\PERSONAL.XLSB, 24/10/2023, 12:59:05, Usuario, Abierto
C:\Users\Usuario\AppData\Roaming\Microsoft\Excel\XLSTART\PERSONAL.XLSB, 24/10/2023, 12:59:19, Usuario, Abierto
C:\Users\Usuario\Desktop\Curso de Excel_Y_VBA\VBA\MACROALOJADAENOTROARCHIVO.xlsm, 24/10/2023, 12:59:20, Usuario, Abierto
C:\Program Files\Microsoft Office\root\Office16\Library\SOLVER\SOLVER.XLAM, 24/10/2023, 12:59:23, Usuario, Cerrado
C:\Users\Usuario\Desktop\Curso de Excel_Y_VBA\VBA\MACROALOJADAENOTROARCHIVO.xlsm, 24/10/2023, 12:59:23, Usuario, Cerrado
C:\Users\Usuario\AppData\Roaming\Microsoft\Excel\XLSTART\PERSONAL.XLSB, 24/10/2023, 12:59:36, Usuario, Abierto
C:\Users\Usuario\Desktop\Curso de Excel_Y_VBA\Excel\Curso-m.xlsm, 24/10/2023, 12:59:36, Usuario, Abierto
C:\Program Files\Microsoft Office\root\Office16\Library\SOLVER\SOLVER.XLAM, 24/10/2023, 12:59:40, Usuario, Cerrado
C:\Users\Usuario\Desktop\Curso de Excel_Y_VBA\Excel\Curso-m.xlsm, 24/10/2023, 12:59:40, Usuario, Cerrado
C:\Users\Usuario\AppData\Roaming\Microsoft\Excel\XLSTART\PERSONAL.XLSB, 24/10/2023, 12:59:44, Usuario, Abierto
C:\Users\Usuario\Desktop\Curso de Excel_Y_VBA\Excel\Curso.xlsx, 24/10/2023, 12:59:44, Usuario, Abierto
C:\Program Files\Microsoft Office\root\Office16\Library\SOLVER\SOLVER.XLAM, 24/10/2023, 12:59:57, Usuario, Cerrado
C:\Users\Usuario\Desktop\Curso de Excel_Y_VBA\Excel\Curso.xlsx, 24/10/2023, 12:59:57, Usuario, Cerrado
C:\Users\Usuario\AppData\Roaming\Microsoft\Excel\XLSTART\PERSONAL.XLSB, 24/10/2023, 16:54:09, Usuario, Abierto
C:\Users\Usuario\AppData\Roaming\Microsoft\Excel\XLSTART\PERSONAL.XLSB, 25/10/2023, 8:06:38, Usuario, Abierto
C:\Users\Usuario\Downloads\ASME_Student_Group_Membership_Spreadsheet.xls, 25/10/2023, 8:06:38, Usuario, Abierto
C:\Users\Usuario\Downloads\Alumnos del primer y segundo ciclo.xlsx, 25/10/2023, 8:06:51, Usuario, Abierto
C:\Users\Usuario\Downloads\alumnos.xlsx, 25/10/2023, 8:18:03, Usuario, Abierto
C:\Users\Usuario\Downloads\alumnos.xlsx, 25/10/2023, 10:05:59, Usuario, Cerrado
C:\Users\Usuario\Downloads\Alumnos del primer y segundo ciclo.xlsx, 25/10/2023, 10:06:01, Usuario, Cerrado
C:\Program Files\Microsoft Office\root\Office16\Library\SOLVER\SOLVER.XLAM, 25/10/2023, 10:06:16, Usuario, Cerrado
C:\Users\Usuario\Downloads\ASME_Student_Group_Membership_Spreadsheet_1.xls, 25/10/2023, 10:06:16, Usuario, Cerrado
C:\Users\Usuario\AppData\Roaming\Microsoft\Excel\XLSTART\PERSONAL.XLSB, 25/10/2023, 10:07:18, Usuario, Abierto
C:\Program Files\Microsoft Office\root\Office16\Library\SOLVER\SOLVER.XLAM, 25/10/2023, 17:54:23, Usuario, Cerrado
C:\Users\Usuario\Desktop\Curso de Excel_Y_VBA\Herramientas Power Excel\CursoPower.xlsx, 25/10/2023, 17:54:25, Usuario, Cerrado
C:\Users\Usuario\AppData\Roaming\Microsoft\Excel\XLSTART\PERSONAL.XLSB, 25/10/2023, 17:57:05, Usuario, Abierto
C:\Users\Usuario\Downloads\33333333333333333333333\Datos Píldoras.csv, 25/10/2023, 17:57:05, Usuario, Abierto
C:\Program Files\Microsoft Office\root\Office16\Library\SOLVER\SOLVER.XLAM, 25/10/2023, 17:57:11, Usuario, Cerrado
C:\Users\Usuario\Downloads\33333333333333333333333\Datos Píldoras.csv, 25/10/2023, 17:57:11, Usuario, Cerrado
C:\Users\Usuario\AppData\Roaming\Microsoft\Excel\XLSTART\PERSONAL.XLSB, 25/10/2023, 17:57:55, Usuario, Abierto
C:\Users\Usuario\Desktop\Curso de Excel_Y_VBA\Herramientas Power Excel\CursoPower.xlsx, 25/10/2023, 17:58:03, Usuario, Abierto
C:\Program Files\Microsoft Office\root\Office16\Library\SOLVER\SOLVER.XLAM, 25/10/2023, 18:30:13, Usuario, Cerrado
C:\Users\Usuario\Desktop\Curso de Excel_Y_VBA\Herramientas Power Excel\CursoPower.xlsx, 25/10/2023, 18:30:13, Usuario, Cerrado
C:\Users\Usuario\AppData\Roaming\Microsoft\Excel\XLSTART\PERSONAL.XLSB, 26/10/2023, 8:35:47, Usuario, Abierto
C:\Users\Usuario\Desktop\Curso de Excel_Y_VBA\Herramientas Power Excel\CursoPower.xlsx, 26/10/2023, 8:35:55, Usuario, Abierto
C:\Program Files\Microsoft Office\root\Office16\Library\SOLVER\SOLVER.XLAM, 26/10/2023, 8:36:00, Usuario, Cerrado
C:\Users\Usuario\Desktop\Curso de Excel_Y_VBA\Herramientas Power Excel\CursoPower.xlsx, 26/10/2023, 8:36:00, Usuario, Cerrado
C:\Users\Usuario\AppData\Roaming\Microsoft\Excel\XLSTART\PERSONAL.XLSB, 26/10/2023, 8:36:05, Usuario, Abierto
C:\Users\Usuario\Desktop\Curso de Excel_Y_VBA\Herramientas Power Excel\CursoPower.xlsx, 26/10/2023, 8:36:13, Usuario, Abierto
C:\Users\Usuario\Desktop\Curso de Excel_Y_VBA\Herramientas Power Excel\Datos Píldoras b.csv, 26/10/2023, 9:22:27, Usuario, Abierto
C:\Users\Usuario\Desktop\Curso de Excel_Y_VBA\Herramientas Power Excel\Datos Píldoras b.csv, 26/10/2023, 9:22:46, Usuario, Cerrado
Libro1, 26/10/2023, 9:23:33, Usuario, Cerrado
C:\Users\Usuario\Downloads\33333333333333333333333\Trimestres.xlsx, 26/10/2023, 9:25:22, Usuario, Abierto
C:\Users\Usuario\Downloads\33333333333333333333333\Trimestres.xlsx, 26/10/2023, 9:25:29, Usuario, Cerrado
C:\Users\Usuario\Desktop\Curso de Excel_Y_VBA\Herramientas Power Excel\Trimestres.xlsx, 26/10/2023, 11:23:31, Usuario, Abierto
C:\Users\Usuario\Downloads\33333333333333333333333\Datos trim 1\Datos Píldoras c.csv, 26/10/2023, 12:06:36, Usuario, Abierto
C:\Users\Usuario\Downloads\33333333333333333333333\Datos trim 1\Datos Píldoras c.csv, 26/10/2023, 12:06:38, Usuario, Cerrado
C:\Users\Usuario\Desktop\Curso de Excel_Y_VBA\Herramientas Power Excel\Datos a tratar.xlsx, 26/10/2023, 12:16:36, Usuario, Abierto
C:\Users\Usuario\Desktop\Curso de Excel_Y_VBA\Herramientas Power Excel\Datos a tratar.xlsx, 26/10/2023, 12:16:46, Usuario, Cerrado
C:\Users\Usuario\Desktop\Curso de Excel_Y_VBA\Herramientas Power Excel\Trimestres.xlsx, 26/10/2023, 12:18:23, Usuario, Cerrado
C:\Users\Usuario\Desktop\Curso de Excel_Y_VBA\Herramientas Power Excel\Datos a tratar.xlsx, 26/10/2023, 12:26:45, Usuario, Abierto
C:\Users\Usuario\Desktop\Curso de Excel_Y_VBA\Herramientas Power Excel\CursoPower.xlsx, 26/10/2023, 18:16:44, Usuario, Cerrado
C:\Users\Usuario\AppData\Roaming\Microsoft\Excel\XLSTART\PERSONAL.XLSB, 27/10/2023, 9:31:37, Usuario, Abierto
C:\Users\Usuario\Desktop\Curso de Excel_Y_VBA\Herramientas Power Excel\Datos a tratar.xlsx, 27/10/2023, 9:31:38, Usuario, Abierto
C:\Program Files\Microsoft Office\root\Office16\Library\SOLVER\SOLVER.XLAM, 27/10/2023, 17:51:13, Usuario, Cerrado
C:\Users\Usuario\Desktop\Curso de Excel_Y_VBA\Herramientas Power Excel\Datos a tratar.xlsx, 27/10/2023, 17:51:13, Usuario, Cerrado
C:\Users\Usuario\AppData\Roaming\Microsoft\Excel\XLSTART\PERSONAL.XLSB, 27/10/2023, 17:51:30, Usuario, Abierto
C:\Users\Usuario\Desktop\Curso de Excel_Y_VBA\Herramientas Power Excel\CursoPower.xlsx, 27/10/2023, 17:51:38, Usuario, Abierto
C:\Program Files\Microsoft Office\root\Office16\Library\SOLVER\SOLVER.XLAM, 27/10/2023, 17:51:57, Usuario, Cerrado
C:\Users\Usuario\Desktop\Curso de Excel_Y_VBA\Herramientas Power Excel\CursoPower.xlsx, 27/10/2023, 17:51:57, Usuario, Cerrado
C:\Users\Usuario\AppData\Roaming\Microsoft\Excel\XLSTART\PERSONAL.XLSB, 27/10/2023, 17:52:00, Usuario, Abierto
C:\Users\Usuario\Desktop\Curso de Excel_Y_VBA\Herramientas Power Excel\Datos a tratar.xlsx, 27/10/2023, 17:52:01, Usuario, Abierto
C:\Program Files\Microsoft Office\root\Office16\Library\SOLVER\SOLVER.XLAM, 27/10/2023, 19:11:52, Usuario, Cerrado
C:\Users\Usuario\Desktop\Curso de Excel_Y_VBA\Herramientas Power Excel\Datos a tratar.xlsx, 27/10/2023, 19:11:52, Usuario, Cerrado
C:\Users\Usuario\AppData\Roaming\Microsoft\Excel\XLSTART\PERSONAL.XLSB, 30/10/2023, 8:01:58, Usuario, Abierto
C:\Users\Usuario\Desktop\Curso de Excel_Y_VBA\Herramientas Power Excel\Datos a tratar.xlsx, 30/10/2023, 8:01:59, Usuario, Abierto
C:\Users\Usuario\Desktop\Curso de Excel_Y_VBA\Herramientas Power Excel\CursoPower.xlsx, 30/10/2023, 8:14:22, Usuario, Abierto
C:\Users\Usuario\Desktop\Curso de Excel_Y_VBA\Herramientas Power Excel\CursoPower.xlsx, 30/10/2023, 8:21:01, Usuario, Cerrado
C:\Users\Usuario\Desktop\Curso de Excel_Y_VBA\Herramientas Power Excel\Ventas de libros.xlsx, 30/10/2023, 9:19:34, Usuario, Abierto
C:\Users\Usuario\Desktop\Curso de Excel_Y_VBA\Herramientas Power Excel\Datos Píldoras b.csv, 30/10/2023, 9:24:44, Usuario, Abierto
C:\Users\Usuario\Desktop\Curso de Excel_Y_VBA\Herramientas Power Excel\Datos Píldoras b.csv, 30/10/2023, 9:24:49, Usuario, Cerrado
C:\Users\Usuario\Desktop\Curso de Excel_Y_VBA\Herramientas Power Excel\Datos a tratar.xlsx, 30/10/2023, 9:33:47, Usuario, Cerrado
C:\Program Files\Microsoft Office\root\Office16\Library\SOLVER\SOLVER.XLAM, 30/10/2023, 9:34:09, Usuario, Cerrado
C:\Users\Usuario\Desktop\Curso de Excel_Y_VBA\Herramientas Power Excel\Ventas de libros.xlsx, 30/10/2023, 9:34:09, Usuario, Cerrado
C:\Users\Usuario\AppData\Roaming\Microsoft\Excel\XLSTART\PERSONAL.XLSB, 30/10/2023, 18:21:13, Usuario, Abierto
C:\Users\Usuario\Desktop\Curso de Excel_Y_VBA\Herramientas Power Excel\Ventas de libros.xlsx, 30/10/2023, 18:21:13, Usuario, Abierto
C:\Program Files\Microsoft Office\root\Office16\Library\SOLVER\SOLVER.XLAM, 30/10/2023, 18:21:16, Usuario, Cerrado
C:\Users\Usuario\Desktop\Curso de Excel_Y_VBA\Herramientas Power Excel\Ventas de libros.xlsx, 30/10/2023, 18:21:16, Usuario, Cerrado
C:\Users\Usuario\AppData\Roaming\Microsoft\Excel\XLSTART\PERSONAL.XLSB, 30/10/2023, 18:21:45, Usuario, Abierto
C:\Users\Usuario\Desktop\Curso de Excel_Y_VBA\Herramientas Power Excel\Datos a tratar.xlsx, 30/10/2023, 18:21:46, Usuario, Abierto
C:\Program Files\Microsoft Office\root\Office16\Library\SOLVER\SOLVER.XLAM, 30/10/2023, 18:22:09, Usuario, Cerrado
C:\Users\Usuario\Desktop\Curso de Excel_Y_VBA\Herramientas Power Excel\Datos a tratar.xlsx, 30/10/2023, 18:22:09, Usuario, Cerrado
C:\Users\Usuario\AppData\Roaming\Microsoft\Excel\XLSTART\PERSONAL.XLSB, 30/10/2023, 18:22:34, Usuario, Abierto
C:\Users\Usuario\Desktop\Curso de Excel_Y_VBA\Herramientas Power Excel\Datos a tratar1.xlsx, 30/10/2023, 18:22:35, Usuario, Abierto
C:\Program Files\Microsoft Office\root\Office16\Library\SOLVER\SOLVER.XLAM, 30/10/2023, 18:22:45, Usuario, Cerrado
C:\Users\Usuario\Desktop\Curso de Excel_Y_VBA\Herramientas Power Excel\Datos a tratar1.xlsx, 30/10/2023, 18:22:45, Usuario, Cerrado
C:\Users\Usuario\AppData\Roaming\Microsoft\Excel\XLSTART\PERSONAL.XLSB, 30/10/2023, 18:23:59, Usuario, Abierto
C:\Users\Usuario\Desktop\Curso de Excel_Y_VBA\Herramientas Power Excel\CursoPower---.xlsx, 30/10/2023, 18:24:07, Usuario, Abierto
C:\Program Files\Microsoft Office\root\Office16\Library\SOLVER\SOLVER.XLAM, 30/10/2023, 18:24:19, Usuario, Cerrado
C:\Users\Usuario\Desktop\Curso de Excel_Y_VBA\Herramientas Power Excel\CursoPower---.xlsx, 30/10/2023, 18:24:19, Usuario, Cerrado
C:\Users\Usuario\AppData\Roaming\Microsoft\Excel\XLSTART\PERSONAL.XLSB, 30/10/2023, 18:25:13, Usuario, Abierto
C:\Users\Usuario\Downloads\33333333333333333333333\CLIENTES.xlsx, 30/10/2023, 18:25:14, Usuario, Abierto
C:\Program Files\Microsoft Office\root\Office16\Library\SOLVER\SOLVER.XLAM, 30/10/2023, 18:25:26, Usuario, Cerrado
C:\Users\Usuario\Downloads\33333333333333333333333\CLIENTES.xlsx, 30/10/2023, 18:25:26, Usuario, Cerrado
C:\Users\Usuario\AppData\Roaming\Microsoft\Excel\XLSTART\PERSONAL.XLSB, 30/10/2023, 18:25:31, Usuario, Abierto
C:\Users\Usuario\Desktop\Curso de Excel_Y_VBA\Herramientas Power Excel\Datos a tratar---.xlsx, 30/10/2023, 18:25:31, Usuario, Abierto
C:\Users\Usuario\Downloads\33333333333333333333333\Datos a tratar.xlsx, 30/10/2023, 18:27:22, Usuario, Abierto
C:\Users\Usuario\Desktop\Curso de Excel_Y_VBA\Herramientas Power Excel\Datos a tratar---.xlsx, 30/10/2023, 18:27:48, Usuario, Cerrado
C:\Program Files\Microsoft Office\root\Office16\Library\SOLVER\SOLVER.XLAM, 30/10/2023, 18:27:49, Usuario, Cerrado
C:\Users\Usuario\Downloads\33333333333333333333333\Datos a tratar.xlsx, 30/10/2023, 18:27:49, Usuario, Cerrado
C:\Users\Usuario\AppData\Roaming\Microsoft\Excel\XLSTART\PERSONAL.XLSB, 30/10/2023, 18:27:55, Usuario, Abierto
C:\Users\Usuario\Downloads\33333333333333333333333\Datos a tratar.xlsx, 30/10/2023, 18:27:55, Usuario, Abierto
C:\Program Files\Microsoft Office\root\Office16\Library\SOLVER\SOLVER.XLAM, 30/10/2023, 18:28:28, Usuario, Cerrado
C:\Users\Usuario\Downloads\33333333333333333333333\Datos a tratar.xlsx, 30/10/2023, 18:28:28, Usuario, Cerrado
C:\Users\Usuario\AppData\Roaming\Microsoft\Excel\XLSTART\PERSONAL.XLSB, 30/10/2023, 18:28:32, Usuario, Abierto
C:\Users\Usuario\Downloads\33333333333333333333333\Datos a tratar.xlsx, 30/10/2023, 18:28:32, Usuario, Abierto
C:\Program Files\Microsoft Office\root\Office16\Library\SOLVER\SOLVER.XLAM, 30/10/2023, 18:30:19, Usuario, Cerrado
C:\Users\Usuario\Downloads\33333333333333333333333\Datos a tratar.xlsx, 30/10/2023, 18:30:19, Usuario, Cerrado
C:\Users\Usuario\AppData\Roaming\Microsoft\Excel\XLSTART\PERSONAL.XLSB, 30/10/2023, 18:40:26, Usuario, Abierto
C:\Users\Usuario\Desktop\Curso de Excel_Y_VBA\Herramientas Power Excel\Ventas de libros.xlsx, 30/10/2023, 18:40:27, Usuario, Abierto
C:\Program Files\Microsoft Office\root\Office16\Library\SOLVER\SOLVER.XLAM, 30/10/2023, 18:40:28, Usuario, Cerrado
C:\Users\Usuario\Desktop\Curso de Excel_Y_VBA\Herramientas Power Excel\Ventas de libros.xlsx, 30/10/2023, 18:40:28, Usuario, Cerrado
C:\Users\Usuario\AppData\Roaming\Microsoft\Excel\XLSTART\PERSONAL.XLSB, 30/10/2023, 18:47:15, Usuario, Abierto
C:\Users\Usuario\Desktop\Curso de Excel_Y_VBA\Herramientas Power Excel\Datos a tratar1.xlsx, 30/10/2023, 18:47:16, Usuario, Abierto
C:\Program Files\Microsoft Office\root\Office16\Library\SOLVER\SOLVER.XLAM, 30/10/2023, 18:49:00, Usuario, Cerrado
C:\Users\Usuario\Desktop\Curso de Excel_Y_VBA\Herramientas Power Excel\Datos a tratar1.xlsx, 30/10/2023, 18:49:00, Usuario, Cerrado
C:\Users\Usuario\AppData\Roaming\Microsoft\Excel\XLSTART\PERSONAL.XLSB, 30/10/2023, 18:49:08, Usuario, Abierto
C:\Users\Usuario\Desktop\Curso de Excel_Y_VBA\Herramientas Power Excel\Datos a tratar---.xlsx, 30/10/2023, 18:49:09, Usuario, Abierto
C:\Program Files\Microsoft Office\root\Office16\Library\SOLVER\SOLVER.XLAM, 30/10/2023, 18:55:47, Usuario, Cerrado
C:\Users\Usuario\Desktop\Curso de Excel_Y_VBA\Herramientas Power Excel\Datos a tratar---.xlsx, 30/10/2023, 18:55:47, Usuario, Cerrado
C:\Users\Usuario\AppData\Roaming\Microsoft\Excel\XLSTART\PERSONAL.XLSB, 30/10/2023, 18:55:53, Usuario, Abierto
C:\Users\Usuario\Desktop\Curso de Excel_Y_VBA\Herramientas Power Excel\Datos a tratar1.xlsx, 30/10/2023, 18:55:53, Usuario, Abierto
C:\Program Files\Microsoft Office\root\Office16\Library\SOLVER\SOLVER.XLAM, 30/10/2023, 19:02:41, Usuario, Cerrado
C:\Users\Usuario\Desktop\Curso de Excel_Y_VBA\Herramientas Power Excel\Datos a tratar1.xlsx, 30/10/2023, 19:02:41, Usuario, Cerrado
C:\Users\Usuario\AppData\Roaming\Microsoft\Excel\XLSTART\PERSONAL.XLSB, 30/10/2023, 19:02:50, Usuario, Abierto
C:\Users\Usuario\Desktop\Curso de Excel_Y_VBA\Herramientas Power Excel\Datos a tratar---.xlsx, 30/10/2023, 19:02:51, Usuario, Abierto
C:\Users\Usuario\Desktop\Curso de Excel_Y_VBA\Herramientas Power Excel\CursoPower---.xlsx, 30/10/2023, 19:12:38, Usuario, Abierto
C:\Users\Usuario\Desktop\Curso de Excel_Y_VBA\Herramientas Power Excel\Datos a tratar---.xlsx, 30/10/2023, 20:06:50, Usuario, Cerrado
C:\Program Files\Microsoft Office\root\Office16\Library\SOLVER\SOLVER.XLAM, 30/10/2023, 20:06:54, Usuario, Cerrado
C:\Users\Usuario\Desktop\Curso de Excel_Y_VBA\Herramientas Power Excel\CursoPower---.xlsx, 30/10/2023, 20:06:54, Usuario, Cerrado
C:\Users\Usuario\AppData\Roaming\Microsoft\Excel\XLSTART\PERSONAL.XLSB, 31/10/2023, 9:32:38, Usuario, Abierto
C:\Users\Usuario\Desktop\Curso de Excel_Y_VBA\Herramientas Power Excel\Nueva carpeta\Datos a tratar.xlsx, 31/10/2023, 9:32:38, Usuario, Abierto
C:\Program Files\Microsoft Office\root\Office16\Library\SOLVER\SOLVER.XLAM, 31/10/2023, 9:32:42, Usuario, Cerrado
C:\Users\Usuario\Desktop\Curso de Excel_Y_VBA\Herramientas Power Excel\Nueva carpeta\Datos a tratar.xlsx, 31/10/2023, 9:32:42, Usuario, Cerrado
C:\Users\Usuario\AppData\Roaming\Microsoft\Excel\XLSTART\PERSONAL.XLSB, 31/10/2023, 13:40:11, Usuario, Abierto
C:\Users\Usuario\Desktop\Curso de Excel_Y_VBA\Herramientas Power Excel\Datos a tratar---.xlsx, 31/10/2023, 13:40:12, Usuario, Abierto
C:\Program Files\Microsoft Office\root\Office16\Library\SOLVER\SOLVER.XLAM, 31/10/2023, 19:40:20, Usuario, Cerrado
C:\Users\Usuario\Desktop\Curso de Excel_Y_VBA\Herramientas Power Excel\Datos a tratar---.xlsx, 31/10/2023, 19:40:31, Usuario, Cerrado
C:\Program Files\Microsoft Office\root\Office16\Library\SOLVER\SOLVER.XLAM, 31/10/2023, 19:40:34, Usuario, Cerrado
C:\Users\Usuario\Desktop\Curso de Excel_Y_VBA\Herramientas Power Excel\Datos a tratar---.xlsx, 31/10/2023, 19:40:34, Usuario, Cerrado
C:\Users\Usuario\AppData\Roaming\Microsoft\Excel\XLSTART\PERSONAL.XLSB, 01/11/2023, 12:36:40, Usuario, Abierto
C:\Program Files\Microsoft Office\root\Office16\Library\SOLVER\SOLVER.XLAM, 01/11/2023, 13:55:04, Usuario, Cerrado
Libro1, 01/11/2023, 13:55:04, Usuario, Cerrado
C:\Users\Usuario\AppData\Roaming\Microsoft\Excel\XLSTART\PERSONAL.XLSB, 03/11/2023, 16:34:19, Usuario, Abierto
C:\Users\Usuario\Desktop\Curso de Excel_Y_VBA\VBA\MACROS.xlsm, 03/11/2023, 16:34:25, Usuario, Abierto
C:\Program Files\Microsoft Office\root\Office16\Library\SOLVER\SOLVER.XLAM, 03/11/2023, 16:37:53, Usuario, Cerrado
C:\Users\Usuario\Desktop\Curso de Excel_Y_VBA\VBA\MACROS.xlsm, 03/11/2023, 16:37:53, Usuario, Cerrado
C:\Users\Usuario\AppData\Roaming\Microsoft\Excel\XLSTART\PERSONAL.XLSB, 03/11/2023, 16:39:27, Usuario, Abierto
C:\Users\Usuario\Desktop\Curso de Excel_Y_VBA\VBA\MACROS.xlsm, 03/11/2023, 16:39:31, Usuario, Abierto
C:\Program Files\Microsoft Office\root\Office16\Library\SOLVER\SOLVER.XLAM, 03/11/2023, 16:40:30, Usuario, Cerrado
C:\Users\Usuario\Desktop\Curso de Excel_Y_VBA\VBA\MACROS.xlsm, 03/11/2023, 16:40:30, Usuario, Cerrado
C:\Users\Usuario\AppData\Roaming\Microsoft\Excel\XLSTART\PERSONAL.XLSB, 06/11/2023, 11:54:40, Usuario, Abierto
C:\Users\Usuario\Desktop\Curso de Excel_Y_VBA\VBA\MACROS.xlsm, 06/11/2023, 11:54:43, Usuario, Abierto
C:\Program Files\Microsoft Office\root\Office16\Library\SOLVER\SOLVER.XLAM, 06/11/2023, 12:02:10, Usuario, Cerrado
C:\Users\Usuario\Desktop\Curso de Excel_Y_VBA\VBA\MACROS.xlsm, 06/11/2023, 12:02:11, Usuario, Cerrado
C:\Users\Usuario\AppData\Roaming\Microsoft\Excel\XLSTART\PERSONAL.XLSB, 07/11/2023, 17:25:44, Usuario, Abierto
C:\Users\Usuario\Downloads\Informe prueba de entrada 20232.xlsx, 07/11/2023, 17:25:44, Usuario, Abierto
C:\Program Files\Microsoft Office\root\Office16\Library\SOLVER\SOLVER.XLAM, 07/11/2023, 17:26:22, Usuario, Cerrado
C:\Users\Usuario\Downloads\Informe prueba de entrada 20232.xlsx, 07/11/2023, 17:26:22, Usuario, Cerrado
C:\Users\Usuario\AppData\Roaming\Microsoft\Excel\XLSTART\PERSONAL.XLSB, 15/11/2023, 11:58:50, Usuario, Abierto
C:\Users\Usuario\Desktop\Reporte Docentes(16).xlsx, 15/11/2023, 11:58:51, Usuario, Abierto
C:\Program Files\Microsoft Office\root\Office16\Library\SOLVER\SOLVER.XLAM, 15/11/2023, 11:58:56, Usuario, Cerrado
C:\Users\Usuario\Desktop\Reporte Docentes(16).xlsx, 15/11/2023, 11:58:56, Usuario, Cerrado
C:\Users\Usuario\AppData\Roaming\Microsoft\Excel\XLSTART\PERSONAL.XLSB, 15/11/2023, 12:10:35, Usuario, Abierto
C:\Users\Usuario\Desktop\Reporte Docentes(16).xlsx, 15/11/2023, 12:10:36, Usuario, Abierto
C:\Users\Usuario\AppData\Roaming\Microsoft\Excel\XLSTART\PERSONAL.XLSB, 19/11/2023, 17:54:40, Usuario, Abierto
C:\Users\Usuario\Desktop\Curso de Excel_Y_VBA\VBA\MACROS.xlsm, 19/11/2023, 17:54:44, Usuario, Abierto
C:\Program Files\Microsoft Office\root\Office16\Library\SOLVER\SOLVER.XLAM, 19/11/2023, 17:55:33, Usuario, Cerrado
C:\Users\Usuario\Desktop\Curso de Excel_Y_VBA\VBA\MACROS.xlsm, 19/11/2023, 17:55:33, Usuario, Cerrado
